
CREATE DATABASE [VineyardsDB]
 CONTAINMENT = NONE
 ON  PRIMARY 
( NAME = N'VineyardsDB', FILENAME = N'C:\Program Files\Microsoft SQL Server\MSSQL16.SQLEXPRESS\MSSQL\DATA\VineyardsDB.mdf' , SIZE = 8192KB , MAXSIZE = UNLIMITED, FILEGROWTH = 65536KB )
 LOG ON 
( NAME = N'VineyardsDB_log', FILENAME = N'C:\Program Files\Microsoft SQL Server\MSSQL16.SQLEXPRESS\MSSQL\DATA\VineyardsDB_log.ldf' , SIZE = 8192KB , MAXSIZE = 2048GB , FILEGROWTH = 65536KB )
 WITH CATALOG_COLLATION = DATABASE_DEFAULT, LEDGER = OFF
GO
ALTER DATABASE [VineyardsDB] SET COMPATIBILITY_LEVEL = 160
GO
IF (1 = FULLTEXTSERVICEPROPERTY('IsFullTextInstalled'))
begin
EXEC [VineyardsDB].[dbo].[sp_fulltext_database] @action = 'enable'
end
GO
ALTER DATABASE [VineyardsDB] SET ANSI_NULL_DEFAULT OFF 
GO
ALTER DATABASE [VineyardsDB] SET ANSI_NULLS OFF 
GO
ALTER DATABASE [VineyardsDB] SET ANSI_PADDING OFF 
GO
ALTER DATABASE [VineyardsDB] SET ANSI_WARNINGS OFF 
GO
ALTER DATABASE [VineyardsDB] SET ARITHABORT OFF 
GO
ALTER DATABASE [VineyardsDB] SET AUTO_CLOSE OFF 
GO
ALTER DATABASE [VineyardsDB] SET AUTO_SHRINK OFF 
GO
ALTER DATABASE [VineyardsDB] SET AUTO_UPDATE_STATISTICS ON 
GO
ALTER DATABASE [VineyardsDB] SET CURSOR_CLOSE_ON_COMMIT OFF 
GO
ALTER DATABASE [VineyardsDB] SET CURSOR_DEFAULT  GLOBAL 
GO
ALTER DATABASE [VineyardsDB] SET CONCAT_NULL_YIELDS_NULL OFF 
GO
ALTER DATABASE [VineyardsDB] SET NUMERIC_ROUNDABORT OFF 
GO
ALTER DATABASE [VineyardsDB] SET QUOTED_IDENTIFIER OFF 
GO
ALTER DATABASE [VineyardsDB] SET RECURSIVE_TRIGGERS OFF 
GO
ALTER DATABASE [VineyardsDB] SET  DISABLE_BROKER 
GO
ALTER DATABASE [VineyardsDB] SET AUTO_UPDATE_STATISTICS_ASYNC OFF 
GO
ALTER DATABASE [VineyardsDB] SET DATE_CORRELATION_OPTIMIZATION OFF 
GO
ALTER DATABASE [VineyardsDB] SET TRUSTWORTHY OFF 
GO
ALTER DATABASE [VineyardsDB] SET ALLOW_SNAPSHOT_ISOLATION OFF 
GO
ALTER DATABASE [VineyardsDB] SET PARAMETERIZATION SIMPLE 
GO
ALTER DATABASE [VineyardsDB] SET READ_COMMITTED_SNAPSHOT OFF 
GO
ALTER DATABASE [VineyardsDB] SET HONOR_BROKER_PRIORITY OFF 
GO
ALTER DATABASE [VineyardsDB] SET RECOVERY SIMPLE 
GO
ALTER DATABASE [VineyardsDB] SET  MULTI_USER 
GO
ALTER DATABASE [VineyardsDB] SET PAGE_VERIFY CHECKSUM  
GO
ALTER DATABASE [VineyardsDB] SET DB_CHAINING OFF 
GO
ALTER DATABASE [VineyardsDB] SET FILESTREAM( NON_TRANSACTED_ACCESS = OFF ) 
GO
ALTER DATABASE [VineyardsDB] SET TARGET_RECOVERY_TIME = 60 SECONDS 
GO
ALTER DATABASE [VineyardsDB] SET DELAYED_DURABILITY = DISABLED 
GO
ALTER DATABASE [VineyardsDB] SET ACCELERATED_DATABASE_RECOVERY = OFF  
GO
ALTER DATABASE [VineyardsDB] SET QUERY_STORE = ON
GO
ALTER DATABASE [VineyardsDB] SET QUERY_STORE (OPERATION_MODE = READ_WRITE, CLEANUP_POLICY = (STALE_QUERY_THRESHOLD_DAYS = 30), DATA_FLUSH_INTERVAL_SECONDS = 900, INTERVAL_LENGTH_MINUTES = 60, MAX_STORAGE_SIZE_MB = 1000, QUERY_CAPTURE_MODE = AUTO, SIZE_BASED_CLEANUP_MODE = AUTO, MAX_PLANS_PER_QUERY = 200, WAIT_STATS_CAPTURE_MODE = ON)
GO
USE [VineyardsDB]
GO
/****** Object:  Table [dbo].[Grapes]    Script Date: 27/02/2025 16:37:20 ******/
SET ANSI_NULLS ON
GO
SET QUOTED_IDENTIFIER ON
GO
CREATE TABLE [dbo].[Grapes](
	[Id] [int] IDENTITY(1,1) NOT NULL,
	[Name] [varchar](50) NOT NULL,
PRIMARY KEY CLUSTERED 
(
	[Id] ASC
)WITH (PAD_INDEX = OFF, STATISTICS_NORECOMPUTE = OFF, IGNORE_DUP_KEY = OFF, ALLOW_ROW_LOCKS = ON, ALLOW_PAGE_LOCKS = ON, OPTIMIZE_FOR_SEQUENTIAL_KEY = OFF) ON [PRIMARY]
) ON [PRIMARY]
GO
/****** Object:  Table [dbo].[Managers]    Script Date: 27/02/2025 16:37:20 ******/
SET ANSI_NULLS ON
GO
SET QUOTED_IDENTIFIER ON
GO
CREATE TABLE [dbo].[Managers](
	[Id] [int] IDENTITY(1,1) NOT NULL,
	[TaxNumber] [varchar](50) NOT NULL,
	[Name] [nvarchar](100) NOT NULL,
PRIMARY KEY CLUSTERED 
(
	[Id] ASC
)WITH (PAD_INDEX = OFF, STATISTICS_NORECOMPUTE = OFF, IGNORE_DUP_KEY = OFF, ALLOW_ROW_LOCKS = ON, ALLOW_PAGE_LOCKS = ON, OPTIMIZE_FOR_SEQUENTIAL_KEY = OFF) ON [PRIMARY]
) ON [PRIMARY]
GO
/****** Object:  Table [dbo].[Parcels]    Script Date: 27/02/2025 16:37:20 ******/
SET ANSI_NULLS ON
GO
SET QUOTED_IDENTIFIER ON
GO
CREATE TABLE [dbo].[Parcels](
	[Id] [int] IDENTITY(1,1) NOT NULL,
	[ManagerId] [int] NOT NULL,
	[VineyardId] [int] NOT NULL,
	[GrapeId] [int] NOT NULL,
	[YearPlanted] [int] NOT NULL,
	[Area] [int] NOT NULL,
PRIMARY KEY CLUSTERED 
(
	[Id] ASC
)WITH (PAD_INDEX = OFF, STATISTICS_NORECOMPUTE = OFF, IGNORE_DUP_KEY = OFF, ALLOW_ROW_LOCKS = ON, ALLOW_PAGE_LOCKS = ON, OPTIMIZE_FOR_SEQUENTIAL_KEY = OFF) ON [PRIMARY]
) ON [PRIMARY]
GO
/****** Object:  Table [dbo].[Vineyards]    Script Date: 27/02/2025 16:37:20 ******/
SET ANSI_NULLS ON
GO
SET QUOTED_IDENTIFIER ON
GO
CREATE TABLE [dbo].[Vineyards](
	[Id] [int] IDENTITY(1,1) NOT NULL,
	[Name] [varchar](50) NOT NULL,
PRIMARY KEY CLUSTERED 
(
	[Id] ASC
)WITH (PAD_INDEX = OFF, STATISTICS_NORECOMPUTE = OFF, IGNORE_DUP_KEY = OFF, ALLOW_ROW_LOCKS = ON, ALLOW_PAGE_LOCKS = ON, OPTIMIZE_FOR_SEQUENTIAL_KEY = OFF) ON [PRIMARY]
) ON [PRIMARY]
GO
SET IDENTITY_INSERT [dbo].[Grapes] ON 
GO
INSERT [dbo].[Grapes] ([Id], [Name]) VALUES (1, N'Tempranillo')
GO
INSERT [dbo].[Grapes] ([Id], [Name]) VALUES (2, N'Albariño')
GO
INSERT [dbo].[Grapes] ([Id], [Name]) VALUES (3, N'Garnacha')
GO
SET IDENTITY_INSERT [dbo].[Grapes] OFF
GO
SET IDENTITY_INSERT [dbo].[Managers] ON 
GO
INSERT [dbo].[Managers] ([Id], [TaxNumber], [Name]) VALUES (1, N'132254524', N'Miguel Torres')
GO
INSERT [dbo].[Managers] ([Id], [TaxNumber], [Name]) VALUES (2, N'143618668', N'Ana Martin')
GO
INSERT [dbo].[Managers] ([Id], [TaxNumber], [Name]) VALUES (3, N'78903228', N'Carlos Ruiz')
GO
SET IDENTITY_INSERT [dbo].[Managers] OFF
GO
SET IDENTITY_INSERT [dbo].[Parcels] ON 
GO
INSERT [dbo].[Parcels] ([Id], [ManagerId], [VineyardId], [GrapeId], [YearPlanted], [Area]) VALUES (1, 1, 1, 1, 2019, 1500)
GO
INSERT [dbo].[Parcels] ([Id], [ManagerId], [VineyardId], [GrapeId], [YearPlanted], [Area]) VALUES (2, 2, 2, 2, 2021, 9000)
GO
INSERT [dbo].[Parcels] ([Id], [ManagerId], [VineyardId], [GrapeId], [YearPlanted], [Area]) VALUES (3, 3, 1, 3, 2020, 3000)
GO
INSERT [dbo].[Parcels] ([Id], [ManagerId], [VineyardId], [GrapeId], [YearPlanted], [Area]) VALUES (4, 1, 2, 1, 2020, 2000)
GO
INSERT [dbo].[Parcels] ([Id], [ManagerId], [VineyardId], [GrapeId], [YearPlanted], [Area]) VALUES (5, 3, 2, 3, 2021, 1000)
GO
SET IDENTITY_INSERT [dbo].[Parcels] OFF
GO
SET IDENTITY_INSERT [dbo].[Vineyards] ON 
GO
INSERT [dbo].[Vineyards] ([Id], [Name]) VALUES (1, N'Viña Esmeralda')
GO
INSERT [dbo].[Vineyards] ([Id], [Name]) VALUES (2, N'Bodegas Bilbaínas')
GO
SET IDENTITY_INSERT [dbo].[Vineyards] OFF
GO
SET ANSI_PADDING ON
GO
/****** Object:  Index [UQ__Managers__34A7C17904F83206]    Script Date: 27/02/2025 16:37:20 ******/
ALTER TABLE [dbo].[Managers] ADD UNIQUE NONCLUSTERED 
(
	[TaxNumber] ASC
)WITH (PAD_INDEX = OFF, STATISTICS_NORECOMPUTE = OFF, SORT_IN_TEMPDB = OFF, IGNORE_DUP_KEY = OFF, ONLINE = OFF, ALLOW_ROW_LOCKS = ON, ALLOW_PAGE_LOCKS = ON, OPTIMIZE_FOR_SEQUENTIAL_KEY = OFF) ON [PRIMARY]
GO
ALTER TABLE [dbo].[Parcels]  WITH CHECK ADD FOREIGN KEY([GrapeId])
REFERENCES [dbo].[Grapes] ([Id])
GO
ALTER TABLE [dbo].[Parcels]  WITH CHECK ADD FOREIGN KEY([ManagerId])
REFERENCES [dbo].[Managers] ([Id])
GO
ALTER TABLE [dbo].[Parcels]  WITH CHECK ADD FOREIGN KEY([VineyardId])
REFERENCES [dbo].[Vineyards] ([Id])
GO
USE [master]
GO
ALTER DATABASE [VineyardsDB] SET  READ_WRITE 
GO